,actual,pred
0,malicious,malicious
1,malicious,malicious
2,benign,malicious
3,benign,benign
4,malicious,malicious
5,malicious,malicious
6,malicious,malicious
7,malicious,malicious
8,malicious,malicious
9,benign,benign
10,malicious,malicious
11,malicious,malicious
12,malicious,malicious
13,benign,malicious
14,malicious,malicious
15,benign,benign
16,benign,benign
17,benign,malicious
18,malicious,malicious
19,malicious,malicious
20,benign,benign
21,benign,malicious
22,malicious,malicious
23,malicious,malicious
24,malicious,malicious
25,benign,malicious
26,malicious,malicious
27,benign,malicious
28,malicious,malicious
29,benign,malicious
30,benign,malicious
31,benign,benign
32,benign,malicious
33,benign,malicious
34,malicious,malicious
35,benign,malicious
36,malicious,malicious
37,benign,benign
38,benign,benign
39,malicious,malicious
40,malicious,malicious
41,malicious,malicious
42,benign,benign
43,malicious,malicious
44,malicious,malicious
45,malicious,malicious
46,benign,malicious
47,benign,benign
48,malicious,malicious
49,malicious,benign
50,benign,benign
51,malicious,malicious
52,benign,malicious
53,malicious,malicious
54,benign,benign
55,malicious,malicious
56,benign,malicious
57,malicious,malicious
58,benign,benign
59,benign,benign
60,malicious,malicious
61,malicious,malicious
62,malicious,malicious
63,benign,benign
64,malicious,malicious
65,malicious,malicious
66,malicious,malicious
67,benign,benign
68,malicious,malicious
69,malicious,malicious
70,malicious,malicious
71,malicious,malicious
72,malicious,malicious
73,malicious,malicious
74,benign,benign
75,malicious,malicious
76,benign,benign
77,malicious,malicious
78,benign,malicious
79,malicious,malicious
80,malicious,malicious
81,malicious,malicious
82,malicious,malicious
83,malicious,malicious
84,malicious,malicious
85,malicious,malicious
86,benign,benign
87,benign,malicious
88,malicious,malicious
89,malicious,malicious
90,malicious,malicious
91,benign,benign
92,malicious,malicious
93,benign,benign
94,malicious,malicious
95,malicious,malicious
96,malicious,malicious
97,malicious,malicious
98,malicious,malicious
99,malicious,malicious
100,benign,benign
101,malicious,malicious
102,malicious,malicious
103,malicious,malicious
104,malicious,malicious
105,benign,malicious
106,malicious,malicious
107,malicious,malicious
108,benign,malicious
109,malicious,malicious
110,malicious,malicious
111,malicious,malicious
112,benign,benign
113,benign,benign
114,malicious,malicious
115,benign,malicious
116,benign,benign
117,malicious,malicious
118,malicious,malicious
119,malicious,malicious
120,benign,malicious
121,malicious,malicious
122,benign,malicious
123,malicious,malicious
124,benign,benign
125,malicious,malicious
126,benign,malicious
127,benign,malicious
128,malicious,malicious
129,malicious,malicious
130,malicious,malicious
131,benign,benign
132,malicious,malicious
133,malicious,malicious
134,malicious,malicious
135,malicious,malicious
136,malicious,malicious
137,malicious,malicious
138,malicious,malicious
139,malicious,malicious
140,malicious,malicious
141,benign,benign
142,benign,benign
143,malicious,malicious
144,benign,malicious
145,benign,benign
146,malicious,malicious
147,malicious,malicious
148,malicious,malicious
149,benign,benign
150,malicious,malicious
151,malicious,malicious
152,benign,benign
153,malicious,malicious
154,malicious,benign
155,malicious,malicious
156,malicious,malicious
157,malicious,malicious
158,malicious,malicious
159,benign,malicious
160,benign,benign
161,malicious,malicious
162,benign,benign
163,malicious,malicious
164,malicious,malicious
165,malicious,malicious
166,malicious,malicious
167,benign,benign
168,malicious,malicious
169,benign,benign
170,benign,malicious
171,benign,benign
172,benign,benign
173,malicious,malicious
174,malicious,malicious
175,malicious,malicious
176,malicious,malicious
177,malicious,malicious
178,malicious,malicious
179,benign,benign
180,malicious,malicious
181,benign,benign
182,benign,benign
183,malicious,malicious
184,malicious,malicious
185,malicious,malicious
186,benign,benign
187,benign,benign
188,malicious,malicious
189,malicious,malicious
190,benign,malicious
191,malicious,malicious
192,malicious,malicious
193,malicious,malicious
194,malicious,malicious
195,benign,benign
196,malicious,malicious
197,malicious,malicious
198,malicious,malicious
199,benign,benign
200,benign,benign
201,benign,benign
202,benign,malicious
203,malicious,malicious
204,benign,malicious
205,malicious,malicious
206,malicious,malicious
207,malicious,malicious
208,malicious,malicious
209,benign,benign
210,benign,malicious
211,malicious,malicious
212,benign,benign
213,benign,malicious
214,benign,malicious
215,malicious,malicious
216,malicious,malicious
217,benign,malicious
218,malicious,malicious
219,malicious,malicious
220,benign,benign
221,malicious,malicious
222,malicious,malicious
223,benign,malicious
224,benign,benign
225,malicious,malicious
226,benign,malicious
227,malicious,malicious
228,malicious,malicious
229,malicious,malicious
230,malicious,malicious
231,benign,benign
232,malicious,malicious
233,benign,benign
234,malicious,malicious
235,malicious,malicious
236,benign,malicious
237,benign,benign
238,benign,benign
239,benign,benign
240,benign,benign
241,malicious,malicious
242,malicious,malicious
243,malicious,malicious
244,malicious,malicious
245,malicious,malicious
246,malicious,malicious
247,malicious,malicious
248,malicious,malicious
249,malicious,malicious
250,benign,malicious
251,malicious,malicious
252,malicious,malicious
253,benign,malicious
254,malicious,malicious
255,malicious,malicious
256,benign,benign
257,malicious,malicious
258,malicious,malicious
259,malicious,malicious
260,malicious,malicious
261,malicious,malicious
262,benign,malicious
263,malicious,malicious
264,benign,benign
265,benign,benign
266,benign,benign
267,malicious,malicious
268,benign,benign
269,malicious,malicious
270,malicious,malicious
271,malicious,malicious
272,malicious,malicious
273,benign,malicious
274,malicious,malicious
275,malicious,malicious
276,benign,malicious
277,malicious,malicious
278,malicious,malicious
279,malicious,benign
280,malicious,malicious
281,malicious,malicious
282,malicious,malicious
283,malicious,malicious
284,benign,malicious
285,malicious,malicious
286,benign,benign
287,malicious,malicious
288,benign,malicious
289,benign,benign
290,malicious,malicious
291,benign,malicious
292,malicious,malicious
293,benign,benign
294,benign,benign
295,benign,benign
296,malicious,malicious
297,benign,benign
298,malicious,malicious
299,malicious,malicious
300,benign,benign
301,benign,benign
302,malicious,malicious
303,malicious,malicious
304,benign,benign
305,malicious,malicious
306,malicious,malicious
307,benign,benign
308,malicious,malicious
309,benign,benign
310,malicious,malicious
311,benign,benign
312,malicious,malicious
313,malicious,malicious
314,benign,malicious
315,malicious,malicious
316,malicious,malicious
317,malicious,malicious
318,benign,benign
319,malicious,malicious
320,malicious,malicious
321,malicious,malicious
322,malicious,malicious
323,malicious,malicious
324,malicious,malicious
325,malicious,malicious
326,malicious,malicious
327,malicious,malicious
328,malicious,malicious
329,malicious,malicious
330,malicious,malicious
331,malicious,malicious
332,malicious,malicious
333,malicious,malicious
334,malicious,malicious
335,malicious,malicious
336,malicious,malicious
337,malicious,malicious
338,benign,benign
339,benign,malicious
340,malicious,malicious
341,malicious,malicious
342,malicious,malicious
343,malicious,malicious
344,malicious,malicious
345,malicious,malicious
346,malicious,malicious
347,benign,benign
348,malicious,malicious
349,benign,malicious
350,benign,benign
351,malicious,malicious
352,malicious,malicious
353,malicious,malicious
354,malicious,malicious
355,malicious,malicious
356,benign,malicious
357,benign,benign
358,malicious,malicious
359,malicious,malicious
360,malicious,malicious
361,benign,benign
362,benign,benign
363,malicious,malicious
364,malicious,malicious
365,malicious,malicious
366,malicious,malicious
367,malicious,malicious
368,malicious,malicious
369,malicious,malicious
370,malicious,malicious
371,malicious,malicious
372,benign,benign
373,malicious,malicious
374,benign,malicious
375,malicious,malicious
376,benign,malicious
377,malicious,malicious
378,malicious,malicious
379,benign,malicious
380,malicious,malicious
381,malicious,malicious
382,malicious,malicious
383,malicious,malicious
384,benign,benign
385,malicious,malicious
386,benign,malicious
387,benign,benign
388,malicious,malicious
389,benign,malicious
390,benign,benign
391,benign,benign
392,malicious,malicious
393,malicious,malicious
394,benign,malicious
395,malicious,malicious
396,benign,benign
397,malicious,malicious
398,benign,benign
399,benign,benign
400,malicious,malicious
401,malicious,malicious
402,benign,benign
403,benign,benign
404,benign,benign
405,malicious,malicious
406,malicious,malicious
407,malicious,malicious
408,malicious,malicious
409,malicious,malicious
410,benign,malicious
411,malicious,malicious
412,malicious,malicious
413,malicious,malicious
414,benign,benign
415,malicious,malicious
416,benign,benign
417,benign,benign
418,malicious,malicious
419,malicious,malicious
420,malicious,benign
421,malicious,malicious
422,malicious,malicious
423,malicious,malicious
424,malicious,malicious
425,malicious,malicious
426,malicious,malicious
427,benign,benign
428,benign,malicious
429,benign,benign
430,benign,benign
431,malicious,malicious
432,benign,benign
433,benign,benign
434,malicious,malicious
435,malicious,malicious
436,malicious,malicious
437,malicious,malicious
438,malicious,malicious
439,benign,malicious
440,benign,malicious
441,benign,benign
442,malicious,malicious
443,benign,malicious
444,benign,benign
445,malicious,malicious
446,malicious,malicious
447,malicious,benign
448,malicious,malicious
449,benign,benign
450,benign,malicious
451,malicious,malicious
452,malicious,malicious
453,benign,malicious
454,malicious,malicious
455,malicious,malicious
456,malicious,malicious
457,benign,benign
458,malicious,malicious
459,malicious,malicious
460,malicious,malicious
461,malicious,malicious
462,malicious,malicious
463,malicious,malicious
464,benign,malicious
465,benign,benign
466,benign,benign
467,malicious,malicious
468,malicious,malicious
